Product,Price,Link,Worth?
 
Apple Macbook Pro 13 Laptop / i5 2.3GHz 8GB RAM 256GB SSD / 2 YEAR WARRANTY ,465,https://www.ebay.com/itm/Apple-Macbook-Pro-13-Laptop-i5-2-3GHz-8GB-RAM-256GB-SSD-2-YEAR-WARRANTY/332888393428?_trkparms=ispr%3D1&hash=item4d81b1c6d4:g:3XMAAOSwd0pdqACB&amdata=enc%3AAQAFAAACcBaobrjLl8XobRIiIML1V4Imu%252Fn%252BzU5L90Z278x5ickkCrLl8erj3ATP5raQxjc%252F%252B%252FgDtLyKl7ydr%252FjjAlbCrebfKnX7FtEP0ER25kLYlw0mpb26SEY9jFc744b3546rndpulAeRhWkechQBTl3wpneJ2uLlRsRbtXaXOlhvvGkA3VN%252Fu17ocMLH%252BiGviJVD3XUuWhNWKy9ltndCwiaYd8i2tJKwvjMnMNx1rWjsAmxaFsbdoSHbf0RWGFZ6c1yNLiV%252B0o2oht9lIRh9nxE2mgGyTnDe7UY4T3JRrG1cunAx3acINF142LBqCFU2lz4DZ2p3ElBRetQbk8P%252BjMosOqUxwKqVJDVCJ%252BaSkXzejNXa6YDxDRSpQC5cBsfCT3MsyBfEIuFqR3TnHn5nMRugu1G10tip5B6TkItDdf6tQNzUDRlH%252Bf3vhSyPb2Uwlo%252F4onoATSs3tJViBNzJ7ePpn3uefE03tkt4B6BBH4Rcy%252FhU5MZhBIcRMjI0jyHvVk3QvyFivy9FYPo%252F%252Bmg%252FtRYSyy7ynhcmodhrjwvzQmdP9Xs7ya6xAlijwSXL4TD3CLyFoH7N6n8FjxTEiECugEOtX48I01C1GSQ8JcUWxIIXt2%252BHX4el9DXWUyAHZXnwsWRO1PXQpnaBz%252B8%252FvNnbZM%252FP2NGJlKqR8jBlWPsOqUL5hO2xAFGCdkfPowEU%252Fpo2eH1tM5WgK4SGcTpIboYkHvs5n%252F4EdVdB5WmjDPWCXiyM8e0Nq0rXvcZxrG5OdZVuAWdMWAOfEIxs1bBy8bIDmrBO%252BAAApLAa5M7uVIKbXtPQ2xXTZzq0rir01VEih8FvBUZgbw%253D%253D%7Ccksum%3A3328883934282973e3fbe22244d2b714e3577f5cbc1c%7Campid%3APL_CLK%7Cclp%3A2334524,True
"MACBOOK PRO 13"" RETINA * CORE i7 * 16GB RAM 1TB SSD  3 YEAR WARRANTY * OS-2019",380,https://www.ebay.com/itm/MACBOOK-PRO-13-RETINA-CORE-i7-16GB-RAM-1TB-SSD-3-YEAR-WARRANTY-OS-2019/203013734734?_trkparms=ispr%3D1&hash=item2f448fc14e:g:WNYAAOSwqtZfiYgn&amdata=enc%3AAQAFAAACYBaobrjLl8XobRIiIML1V4Imu%252Fn%252BzU5L90Z278x5ickkrmmq8hWevtuKE7%252F%252BLfVXtql74JoY23vcT5oOazCQ81dWzV0BshpmTO3P%252F%252F1NIZbTthS%252FEKV2AiXA%252FSHjdWCzncyCD8a9Ocw4kvBY0VGg6Nc2BNxp%252BWTbjXt7q5L3OXp6MxHfH1CjpV3aO%252BKHWP3wBTc%252BOvaNJVfCABgGfu0rjomCHBYJrsGF%252BOiQD%252F18EEfRAIR9SwrOX8Ox9oTTvl%252FP7%252FVCe1fOYlIxDwUn6IvzrHAEBa5RBWiKNwPYZuPAGVOOam9Kt9mFXsDtxYNCl3DWkEotGbipy6TFJ4SV4U9JTeeT06XLxs2r%252BqYJdb9FDSj%252FTJNA5uHdKJGrUSslgRJkmBlkwzboGTgQhU572oFzfpYGnjLTXPAtj4y8nOqfrL4OQNJSYYaxlqfv56rLzbIp5GdYDXTuy31lU%252F1VvDxQeBXFwzOJU%252Bc7tcv23D3XoT32DZ9lGDQgVsSAEQMWbyg%252F9ALalrGsb0Wfng1ZPR61N995PTul9u6SzQNcuRDyFt9W6HKpzVaJrQn2DQEZVgYoK6ijsp4KQsMi99afZKLVkckFVL7lrB9fRF1gm2KSRG3LezR7ibMro1XnD9JRu3FxIa3JmTmJsbsv%252FN78wJ%252FOC0fUyQlYrirAwwwAy83xexnWJ6udm0ApjsxfPn4UkcSXhOYaWEMGly2afmXzcRBikGufGu8k3ItTexoDFZsB%252FAdmbTwyqd4ymHXLk%252FKo1NzYzUsEKePJyQ6fXX33GkrIczDLCL4P3WcFMcqiD3hSFlDG%7Ccksum%3A2030137347342973e3fbe22244d2b714e3577f5cbc1c%7Campid%3APL_CLK%7Cclp%3A2334524,True
"APPLE MACBOOK PRO 13""  PRE-RETINA / CORE i7 / 16GB / 1TB SSD / WARRANTY OS-2015",369,https://www.ebay.com/itm/APPLE-MACBOOK-PRO-13-PRE-RETINA-CORE-i7-16GB-1TB-SSD-WARRANTY-OS-2015/283997200757?_trkparms=ispr%3D1&hash=item421f8d6175:g:uE0AAOSwe~Ze~hkN&amdata=enc%3AAQAFAAACYBaobrjLl8XobRIiIML1V4Imu%252Fn%252BzU5L90Z278x5ickk7PdDazAlGltMLJlUhrWsD%252Bl2dz5rndBMJrgaulUHv2MnKG1kCjXFZaaYqvsAxwa1PoXqCQKoFCpU6doFriMLvKtcKHMbKrEj97o6214tGg6eI6r130aPwJYHecFjEkhgCdxOYQU8NAll59b%252FIgij9FEpHU1%252F7vjmfd97Voqfi6og6VeS24cWH%252BDV5cL8Y6vHser77KscbRgRAYK4%252FSGdeOxpnaBI3nCHoNcOgONgWzyDo8Jhqu%252BOkhPrdToXrzhEyLvmHT%252Bs5PTn1Gl%252F%252BmL8sUT5pnWFZRtANsM4Kjd5HiB88ZYGTd6yZKGe%252BLP9YvoyUhy%252F4RQBLf1gKxcJL5azB1goKTOWCFoIa5l%252BPuuYcgAiGntwk96%252BjPNqyiP5jqroBCAjVrs9%252BBbzkwfnSyeqnhHvz6q1v7%252BmnCNvxnVqVHOoj73K9yF%252BmB8DxpRSe23LgvBjxrcw%252FwZy2SEGK%252Berd3rV6R50wVXmbLoJiJ7ktPZvqQY%252F9rH97OOQrWC63Mm%252B9wrRuF91R55kgKe6FffPQLqRacpHwFmNrf0wgdufn52q9Ffl2tN8pEJtMV%252B7nxC19QvQBZJ37%252B342SgHitx8yJuaaJF44tP78Pj%252FlO8GZFhz5U%252FaOj16t9Zj0QqLcq9o3qjcYhOaebpu00U%252BjNKQuyiygNRc0YfQevx0u%252BxN5mhJ2d1S%252BPtPYzdVinxu9KMAvo7BKpozTFRQMubOVKsVqMIUdNwffpIBwjsVsvLKPVVjVQcGIlfmkKZOsIp7wZ%252B2%7Ccksum%3A2839972007572973e3fbe22244d2b714e3577f5cbc1c%7Campid%3APL_CLK%7Cclp%3A2334524,True
"APPLE MACBOOK PRO 15"" RETINA / RADEON R9 / CORE i7 / 16GB / 1TB SSD / OS-2019",552,https://www.ebay.com/itm/APPLE-MACBOOK-PRO-15-RETINA-RADEON-R9-CORE-i7-16GB-1TB-SSD-OS-2019/283945999845?_trkparms=ispr%3D1&hash=item421c801de5:g:rrQAAOSwjAJfC4Xl&amdata=enc%3AAQAFAAACYBaobrjLl8XobRIiIML1V4Imu%252Fn%252BzU5L90Z278x5ickk7PdDazAlGltMLJlUhrWsDwqMyjoYcSxBK3oG43ptWG8josMi%252B9u40VSU2eY%252BV15d4YpUjLxD%252FRUc2xavk0QwwONxEB2Hoo9ljc0SHVIhimHniUtgLOlYQQWX9ATy0Kq7zgIJStLF6pZjDCqZiHwJ1plnnluKzv%252FL9zqBulnxSEzVL5Yi%252FUGoeOcYIN0DH0ucB9Dzn82UDB%252BTD3SksnY8diXuOzN11EoFcUWWsqpMIvIAlcw2YCNpg2eM%252Besli%252Bw%252B%252BEwxroZggWOxRzJL3pZtw2ehkSc7%252FYOMw9qGQbJXfD9uo5HpFISSzGiXgsbuJMyVl0Hqt3f98M4Wkj0h1kSHHUspT6ZMvmFOuKRUmv1G3BnIrOWOMxB23M3652VEtTwwaiDYNYZi7Qpybgp6eXpFY2JXj%252Fp1z9kbHF9EWCVZ4gu%252Fs3VSqkn1Bexi1CLCWnGol491%252BYx8ryBLwZGBTl7rlA3kxxy0Qo2lpEHDSNXNJIJ17jOq8nymDj6NjB0GfV41e4qFVz3Aq92LKo%252B7w38bozWkf7Nyt5Q6Rg7HxQedldtroq6TOUcq7XO%252BpDk0vgxHZLHaiXSXBahLHrpF4PeWYgMEFpmGN8Xxwa2e%252BLCttsMMHR3GDFmNyaH4HEQ6iwzEgnckYz7e6Tt8s1iTyL7LspN8GilPBEkPdCKZumgdeerksp2C0D7siutokZlRUa3cGOxgNygljOML9nwMPP0sfbMnlBDl4bVEu2plkJeJ7fQyLhynsvc163kG8rQzVJ5q%7Ccksum%3A2839459998452973e3fbe22244d2b714e3577f5cbc1c%7Campid%3APL_CLK%7Cclp%3A2334524,True
New ListingApple MacBook Pro 13 inch 500GB Intel Core i5 4GB A1278 EMC 2554,468,https://www.ebay.com/itm/Apple-MacBook-Pro-13-inch-500GB-Intel-Core-i5-4GB-A1278-EMC-2554/313281918883?epid=1828471892&hash=item48f10eb7a3:g:ub4AAOSwEVhfnsF2,True
"SLEEK Apple MacBook Pro 13"" 2.3GHz Core i5 ~ 8GB RAM ~ 256GB SSD + WARRANTY",811,https://www.ebay.com/itm/SLEEK-Apple-MacBook-Pro-13-2-3GHz-Core-i5-8GB-RAM-256GB-SSD-WARRANTY/254701910994?_trkparms=ispr%3D1&hash=item3b4d6abbd2:g:OaAAAOSwYFpfoCSR&amdata=enc%3AAQAFAAACYBaobrjLl8XobRIiIML1V4Imu%252Fn%252BzU5L90Z278x5ickkrDx%252B2NLp21dg6hHbHAkGMR%252BpX%252F9hVfKS9XawgXk0g%252BRtp0ufB8rKL15rKXKmVNnVvEpBp9rAo7R76PpoevowzS0gGllROspkc9WgERZwlPIz3BOhJHLpZoGN9LKI4oxuWRIU9IhezKh5y20UrBcDxCgKjomX3kD3yObwxgVql%252B4ZBPtjaNQ1TJ7SPGcYQj%252B26hkHMNJkm5Xqd1IEIquIB059PcijZ1yO%252F3EfX1HKD%252F5t7A6D2bMgEgEfpH%252BVxHWqhhdGDmAE0mJRpbPl44X0L3vIePpMvQkqjul6NK45PgHSO8As7VU%252BP0xwSbY86yW2%252BtnKpwSdFaYZRSY5AenC2POaDMaa0jIqQe4WeaCn4mERJaAlbIUW%252FTQ3eRaGK1AV3%252FvFxWYH6UkKe7p8y4u9S82md1IxCJYrYJjpnYaRVkyEa2QgM5UdM4LPYDqZIIuQrTukgXi9Wak6S5a7nBl4yTqvZdr1uHNcdRRR%252BFzZbG8ehm7oH4bW9s7lBtSO89WsbFoxSJ3CHqniEEqeVyKeOLc%252FMk%252F8GcxfCAsTUGJc1%252FsSaxpME%252BemlQymjkebMFtOIdK30FN0vExBASFgrpm4rZzM4b7Dabw3ANQ4JBRvX60VLinQ8x4KuearvdyhkMDd0ILDWsTphalNUJkgBfgE5z1gn%252FY%252BbpJpjV3MpwxiN8pv2BJv6XoyQQus5MeqUe6gsAVPj75Z%252FQp5KQumM2%252Fn1niGiq9xjgbJwihxKP6V%252BVhcOiEh1mePNOGDJEcGsMtU%7Ccksum%3A2547019109942973e3fbe22244d2b714e3577f5cbc1c%7Campid%3APL_CLK%7Cclp%3A2334524,True
"New ListingApple Retina MacBook Pro 15.4"" i7 Quad Core, 16GB RAM, 768GB SSD, CTO Powerful!",563,https://www.ebay.com/itm/Apple-Retina-MacBook-Pro-15-4-i7-Quad-Core-16GB-RAM-768GB-SSD-CTO-Powerful/293810899565?epid=18004721259&hash=item44687e8a6d:g:FRcAAOSwsaxfn7TX,True
Macbook Pro 13 Inch - Mid 2012,430,https://www.ebay.com/itm/Macbook-Pro-13-Inch-Mid-2012/224209311499?hash=item3433ea970b:g:UzcAAOSwIWtflpqF,True
"New ListingApple MacBook Pro 13.3"" 256GB Laptop - MLL42LL/A (October, 2016, Space Gray)",342,https://www.ebay.com/itm/Apple-MacBook-Pro-13-3-256GB-Laptop-MLL42LL-A-October-2016-Space-Gray/293811351297?epid=231208399&hash=item4468856f01:g:odoAAOSw8xVfoBxh,True
"New ListingApple MacBook Pro Mid-2017 13-Inch ""Core i5"" 2.3 GHz, 8GB RAM, 256GB SSD",531,https://www.ebay.com/itm/Apple-MacBook-Pro-Mid-2017-13-Inch-Core-i5-2-3-GHz-8GB-RAM-256GB-SSD/402526911390?hash=item5db8793b9e:g:8gEAAOSwtvxfnvgg,True
MACBOOK PRO 13 | RETINA | CORE i7 | 1TB SSD | 16GB RAM | WARRANTY | OS-2015,386,https://www.ebay.com/itm/MACBOOK-PRO-13-RETINA-CORE-i7-1TB-SSD-16GB-RAM-WARRANTY-OS-2015/283927101432?hash=item421b5fbff8:g:dowAAOSw2gxe9O3R,True
"New ListingApple MacBook Pro 13.3"" Retina Laptop 2.7GHz Intel Core i5 8GB RAM 128GB 2015",417,https://www.ebay.com/itm/Apple-MacBook-Pro-13-3-Retina-Laptop-2-7GHz-Intel-Core-i5-8GB-RAM-128GB-2015/402526915026?hash=item5db87949d2:g:RlcAAOSwy0lfnhCs,True
Apple MacBook Pro 15 PRE-RETINA i7 TURBO 2.9ghz ‚ùÖ 16GB RAM 1TB STORAGE ‚ùÖ OS-2017,680,https://www.ebay.com/itm/Apple-MacBook-Pro-15-PRE-RETINA-i7-TURBO-2-9ghz-16GB-RAM-1TB-STORAGE-OS-2017/202667418127?hash=item2f2feb620f:g:qiwAAOSwc~NfnYoM,True
Macbook Pro 13 16gb ram 250gb SSD Drive,353,https://www.ebay.com/itm/Macbook-Pro-13-16gb-ram-250gb-SSD-Drive/143809462167?hash=item217bb63f97:g:038AAOSwgzVflFF2,True
Apple Macbook Pro 15 Pre-Retina | INTEL 8GB RAM + 256GB SSD HD | 1 Year Warranty,440,https://www.ebay.com/itm/Apple-Macbook-Pro-15-Pre-Retina-INTEL-8GB-RAM-256GB-SSD-HD-1-Year-Warranty/333407624522?_trkparms=ispr%3D1&hash=item4da0a49d4a:g:onwAAOSwP3JdzvcG&amdata=enc%3AAQAFAAACYBaobrjLl8XobRIiIML1V4Imu%252Fn%252BzU5L90Z278x5ickkCrLl8erj3ATP5raQxjc%252F%252B1CB%252BrRpcuMo5TtUp7OKIQAzA6gXQHQH0Rsx8xQC5yfmY6R%252FpUJuYgc0S8KiFiDiJz92Q8hEeq5higtPgg3NiJmJjr0MW9pDJ3y6B3Vk5u1KDSYpmAGp887nGFz2%252Fa07OjABKNdKGJ455gTVVTFr7JG5eIgvWAAq4TTqClmhQAMIrEqWJo74siAiu1FeD%252F8x%252FoU89DMUmVl%252BLtpFUFdtz8jpTA49UKQrjq%252F8vJt8Q3I77ge6%252BaCCbJriBPimrzVCRvW651y9FZnLBWA1vPZ9z16z3fDBdWDv6WYl0NJgY1n0HSk3nt1i9DQSqUjuYd9KdemtgUT109iyB%252FQap%252Bmuin4pWeHse3t27a6ac6mwOR%252Bd1JZ1xp9QazNckAk%252BacfM1PfZbctkvETIKYsyzvdW9M%252B0NHwHd9dIJmEXyiGZRffEoEFXeoCAQIOiiw4DHDrc7xkDhylTJKpfht7IqbCIRiSQaWRMQCDIAKzpOtcIqkdujIjWUFhqCPKgU2DZH6qG0fQ5JW7ffx0IsqKcZuNxK6R%252BbaT%252FG9A3YPh31t4ytfkA3ZFVi2vb%252BRjcjjNk8Co9%252B2g6fWVcs%252FsJeSH9ZDafvtqV%252BcPjdloVMXm6aUGNMHX%252BkSJ5cKD3zw7NR9k2k69bmlUNsZiKI8UVHRVFQL6I%252BhC%252BHsVjfwRqKj8ouCeNlmA46GlV85cIdW5IFhI1SjKKBL13%252BZ%252FGjiLenBslZzyj4SBu7savgvHLOvsnZi78miHq%7Ccksum%3A3334076245222973e3fbe22244d2b714e3577f5cbc1c%7Campid%3APL_CLK%7Cclp%3A2334524,True
"APPLE MACBOOK PRO 15"" RETINA / RADEON R9 / CORE i7 / 16GB / 1TB SSD / OS-2015",611,https://www.ebay.com/itm/APPLE-MACBOOK-PRO-15-RETINA-RADEON-R9-CORE-i7-16GB-1TB-SSD-OS-2015/283945992362?_trkparms=ispr%3D1&hash=item421c8000aa:g:rrQAAOSwjAJfC4Xl&amdata=enc%3AAQAFAAACYBaobrjLl8XobRIiIML1V4Imu%252Fn%252BzU5L90Z278x5ickk7PdDazAlGltMLJlUhrWsD2vEr9eJBDYSpyFRNL4IpgTgz6CjQPLn4BNaNiM7FO3RF4DCYpOHPZCiEi6OEwhd%252FS9HpcyiLL1LHfwOnnHHKQzB7zdkeVqgr4J%252Fyy4yaUiYj2B%252B1S1yQxyJG%252FGuRvOVOugQuBcxeTC43%252FGLaDDF%252BPXbykAMrDq2nvDD80PiSc5FCBvjCXRHyxtdEit3GdNb0MgJt%252BYAAUqAFlB4hFMjec%252BvQX2wN6j7kPtRX9TpnScJL9YCwuSots%252B%252BD4dh51nXaZH5Rx8XKhgEqdvhs%252BuURgPZuU%252B%252BYUIpo4Ln3BAPzLXr47Ut5K4CFxwj7ElOnIe%252FGOo8EXLlONPyAjzYwnm%252Fj1vbgi0q9OtWK%252FDaiDBJ2VWQgckKCueIsKPVwOSEHnDIXs%252B1zTY%252BXxtIQmIvMkspTvkSdx6YQ3CEXoBxFvix%252Fyu7pKF2i%252BoVgS4nyJk1owjg2tL1RAifoBqkuGNisZVi6K4kA%252F8bOyObnXsXKD9HBz3BIHF%252FIGoR1RsHt9y6G1uTEivRrNBGaSLbmaPFyWyTeDg10kEdB9eOQl%252FFCuIcaf1DqJS7l5%252Bcbxk2C6C8aEkYfiPh1mOIA7spoNz1x%252BaqmfKIVmae4mRpSZ1xAFlefsSYurnvURV8HO10%252F23570O2GXM0NDSq7rCiC3qIfrkp5jO%252BMdyEHvQ9fy7M8%252BLi8RxRetpVdnx76%252Buzvm2GpBmssxCFtvooiwK%252F27XbbH0OHLXEswJsyu7jz%252FH%252FMSf6Ep3e%7Ccksum%3A2839459923622973e3fbe22244d2b714e3577f5cbc1c%7Campid%3APL_CLK%7Cclp%3A2334524,True
‚ùÜ Apple MacBook Pro 13 / 2.4GHz INTEL / 8GB RAM / 1TB / 3 YR WARRANTY OS-2017,483,https://www.ebay.com/itm/Apple-MacBook-Pro-13-2-4GHz-INTEL-8GB-RAM-1TB-3-YR-WARRANTY-OS-2017/202661215955?_trkparms=ispr%3D1&hash=item2f2f8cbed3:g:XekAAOSwUvFfiZNG&amdata=enc%3AAQAFAAACYBaobrjLl8XobRIiIML1V4Imu%252Fn%252BzU5L90Z278x5ickkrmmq8hWevtuKE7%252F%252BLfVXtgMf8bIDXecbdidwWmKp5CXPn3a806XLJRnVcW6mErIK4Fh1j01hBD8i6a0zukvYW3gkpDmDCL5YS15PJ6UWGZhmlWaXlOAL%252F7VdKQgLWriV1sWWWhHYIe9TpnS7nIvzdByAmVpkHKqR0lEqxOhQV5Uza1pFeJsrAeop1ioXff9I0DpikRb2exbETznO398WEBD%252FuYs3y7zwrBdBCxx2wnPOrtY%252FsFKM3ag4nGtCpyP45lhPmTErVPZwmDVtT5%252BzyG7AnFoEbIGm4FFjQbrVAMBX7uTF0aX99sCzsMGtAlk%252FTDT946b82r%252BiQBTj15%252FVt9IqDeKdggfA5Sp%252FExLJ%252BTHjARThCY%252BVAM0iOZbo96M6ru4KRS9QUdxjFZjJvKek47IPdp33K%252FdN6SdKMRec8ClmXgQofF6NdL1FkHKAG1nC%252Fy4SPmcSaBOHnyiRGMmwGKgw2dN4ddtpZFjj2iri8AAC9gI5TKjqrZhqq8MQEPbUjiuqiMTvxaMEinCcPQ%252FgRE4bNI%252FGHrMc1JLPCJm9%252F4EuEDJ5f9d%252FjLN9vhtfJk%252B1kJ4JDzAV8r2bsH8oNiSoKB2kIgnDmoInAN7EMWYxSmoHY%252FUGDztKNNDp8wxuk6jQHImmXfFOBifBTX%252BSCZ%252FLFo0oj9Y6vDA1GVLJTM4s78YE3aRmwNYFlxFwweElabZlcom%252BUvPjSEX2G6H52kWWPcHH6%252F%252F37ykNeBsyzcsCcZR9h0BFYzzhqVJ5FrGE%252BhGS%7Ccksum%3A2026612159552973e3fbe22244d2b714e3577f5cbc1c%7Campid%3APL_CLK%7Cclp%3A2334524,True
"Apple MacBook Pro 13"" Touch Bar Intel Core i5 256GB (2020) Space Gray MXK32LL/A",1116,https://www.ebay.com/itm/Apple-MacBook-Pro-13-Touch-Bar-Intel-Core-i5-256GB-2020-Space-Gray-MXK32LL-A/233672522001?epid=4038042762&_trkparms=ispr%3D1&hash=item3667f7b911:g:098AAOSwOhtfeyZT&amdata=enc%3AAQAFAAACYBaobrjLl8XobRIiIML1V4Imu%252Fn%252BzU5L90Z278x5ickkai8xCwosGKpC0NWj85e%252FB8D%252FoIir%252F6zg21ruiLSCIj5SrvEXhRH4dl6mM2a4A4hhxZJgRplM1fSx7agf75i5bNwL%252BmS0yQEaYBfFV96%252FcrL2JxJQkdwMFOWRNbuxhVo5ZhieF7dPSGoeJfu9IE%252FleU2ZOr9wFkrwWbiV61RlHwfqawxecE8tWQ9TLtrGKn5k5pJOD4YLjE%252FhQjasyhl6Ib0312Zqj2%252FktUvocX0jfcJKNwPFUBwTY3CDtORSpZX%252F4JlNI3bl4WC24Qj%252F2jeVQk9kSPZlsG%252FKGK11K0bR1p%252BVLwUBNNuOn5vSNJgYoNfX7aPFfjPrQJ21tdmfhoODsdood1czX0PdX6EYvG9ECpXIERT%252BQjyyD5mb8NJkrJAgObEF95bcCp3OBrrZwTzWC5FoMkMQwzO5tZq9BQnVuEzAdg880D4hPdFcxPyVYCm15kJs%252Fd87jGgxyIVch%252Ba%252BUcq%252FDyILG8rrbRVRAgIJ8naF5GbEmzUn8OFNUKLJVkfdnv4lkopppFG5FcUtFVV7DDf2Cr5qBRfMDRsa%252FFps3tiRrAHTs3Tb%252FQ57RTTLVIuEBjyvzgJuQwl6HfJtL9%252BIv6i9ZMdy1VRkfkf0wS7Fo%252FVT4Rdv%252FBvAJwSeBufzWGFvrb5CvL5j%252FjQiD6E2OY4NHhvmRur%252FukITRMhqRDxNgH%252FKaneFgS%252F7u11WIgtySthmGtnS%252B5cZveZL6PB%252BG4XUIAddZXRB6yFOb5JQza1fJkIdArbwLSQvuZw0USUw767L%7Ccksum%3A2336725220012973e3fbe22244d2b714e3577f5cbc1c%7Campid%3APL_CLK%7Cclp%3A2334524,True
"MacBook Pro 16"" 2019 üçé Touch Bar i7 16GB RAM 512GB SSD Space Gray üíª MVVJ2LL/A",1806,https://www.ebay.com/itm/MacBook-Pro-16-2019-Touch-Bar-i7-16GB-RAM-512GB-SSD-Space-Gray-MVVJ2LL-A/333701898420?epid=18035226370&hash=item4db22ee0b4:g:kVMAAOSwsMZfiK0J,True
Macbook Pro,489,https://www.ebay.com/itm/Macbook-Pro/254760505447?hash=item3b50e8d067:g:KhkAAOSw2SVfegB6,True
"Apple MacBook Pro14,1 13''i5@2.30GHz,8GB RAM,250GB SSD Intel IrisPlus Graphic 1",391,https://www.ebay.com/itm/Apple-MacBook-Pro14-1-13i5-2-30GHz-8GB-RAM-250GB-SSD-Intel-IrisPlus-Graphic-1/154165786536?hash=item23e4ff37a8:g:Rn8AAOSwyKlfSSlB,True
Apple MacBook Pro 15 inch * QUAD Core i7 3.4Ghz * 16GB RAM * 2TB SSD * OS2017,868,https://www.ebay.com/itm/Apple-MacBook-Pro-15-inch-QUAD-Core-i7-3-4Ghz-16GB-RAM-2TB-SSD-OS2017/164403107004?hash=item26473054bc:g:jpgAAOSwXrVfb1T~,True
"Apple MacBook Pro 13.3"" Retina  2.7Ghz duel core i5",430,https://www.ebay.com/itm/Apple-MacBook-Pro-13-3-Retina-2-7Ghz-duel-core-i5/174498527631?hash=item28a0ec398f:g:LLMAAOSwf4Bfksgr,True
"Apple Macbook Pro 13"" / Intel 2.5GHZ / 8GB RAM / 512GB SSD / 2 YEAR WARRANTY ",493,https://www.ebay.com/itm/Apple-Macbook-Pro-13-Intel-2-5GHZ-8GB-RAM-512GB-SSD-2-YEAR-WARRANTY/333508419305?hash=item4da6a69ee9:g:VYgAAOSwCtFeT2tE,True
"Apple MacBook Pro 15-inch Mid 2010, Used, Near Mint Condition",173,https://www.ebay.com/itm/Apple-MacBook-Pro-15-inch-Mid-2010-Used-Near-Mint-Condition/133559095615?hash=item1f18be113f:g:iE8AAOSwEUBfmFWy,True
"New ListingApple MacBook Pro 16"" 2019 Intel Core i9 2,3GHz/32GB/1TB Space Grey BTO",2794,https://www.ebay.com/itm/Apple-MacBook-Pro-16-2019-Intel-Core-i9-2-3GHz-32GB-1TB-Space-Grau-BTO/174502667990?epid=4039204118&hash=item28a12b66d6:g:A3gAAOSwVi9foCEp,False
Macbook pro 13 2017,576,https://www.ebay.com/itm/macbook-pro-13-2017/353259088677?hash=item523fe1eb25:g:FuAAAOSwU55fnsSv,True
"Apple MacBook Pro 13"" Core i5 - 2.4 GHz - 8 GB - 500 GB - Late 2011",297,https://www.ebay.com/itm/Apple-MacBook-Pro-13-Core-i5-2-4-GHz-8-GB-500-GB-Late-2011/174446014326?hash=item289dcaef76:g:xlsAAOSwibJfcxX5,True
Apple MacBook Pro 15 Inch Core i5 2.4GHz 8GB 256GB SSD / OSX 2017  / Warranty !!,479,https://www.ebay.com/itm/Apple-MacBook-Pro-15-Inch-Core-i5-2-4GHz-8GB-256GB-SSD-OSX-2017-Warranty/154159231188?hash=item23e49b30d4:g:iUEAAOSwiGRd3s7R,True
"Apple MacBook Pro 13"" , i5 Processor ÔºåLaptop Mid 2012 Ram - 8gb , HDD-1TB.",179,https://www.ebay.com/itm/Apple-MacBook-Pro-13-i5-Processor-Laptop-Mid-2012-Ram-8gb-HDD-1TB/233762859513?hash=item366d5a29f9:g:o-EAAOSwSG5fnBhf,True
"Apple MacBook Pro 13.3"" 256GB Laptop - MLL42LL/A (October, 2016, Space Gray)",395,https://www.ebay.com/itm/Apple-MacBook-Pro-13-3-256GB-Laptop-MLL42LL-A-October-2016-Space-Gray/254761834395?epid=231208399&hash=item3b50fd179b:g:G1gAAOSwelFfmWZ8,True
"Apple MacBook Pro A1278 13"" Mid 2012 2.5GHz core i5 8GB Ram 500GB HDD Catalina",318,https://www.ebay.com/itm/Apple-MacBook-Pro-A1278-13-Mid-2012-2-5GHz-core-i5-8GB-Ram-500GB-HDD-Catalina/154144768565?hash=item23e3be8235:g:BRIAAOSwmNtfgPV0,True
Apple Macbook Pro 13 | 16GB RAM | 1TB SSD | 2.3 GHz Intel | MacOS 2019 Catalina,660,https://www.ebay.com/itm/Apple-Macbook-Pro-13-16GB-RAM-1TB-SSD-2-3-GHz-Intel-MacOS-2019-Catalina/154038719508?hash=item23dd6c5414:g:JggAAOSwch9fj0aC,True
New ListingApple MacBook Pro 13 TouchBar 2018 MR9V2MG/A,695,https://www.ebay.com/itm/Apple-MacBook-Pro-13-TouchBar-2018-MR9V2MG-A/133563632631?hash=item1f19034bf7:g:vjwAAOSwL1tfnteZ,True
Apple MacBook Pro 15 ULTRA HIGH RETINA 3.4 TURBO i7 16GB RAM 2TB SSD ~ WARRANTY,1062,https://www.ebay.com/itm/Apple-MacBook-Pro-15-ULTRA-HIGH-RETINA-3-4-TURBO-i7-16GB-RAM-2TB-SSD-WARRANTY/264147368360?hash=item3d8068f9a8:g:yREAAOSwilNdzpIl,True
Apple Macbook Pro 13 / UPGRADED i5 8GB RAM + 500GB SSD / 2 Years Warranty,502,https://www.ebay.com/itm/Apple-Macbook-Pro-13-UPGRADED-i5-8GB-RAM-500GB-SSD-2-Years-Warranty/333243415588?hash=item4d96dafc24:g:800AAOSwIbBdTP5s,True
"Apple MacBook Pro 13"" LED Backlit Wide-screen Notebook A1278 Fully Working Boxed",196,https://www.ebay.com/itm/Apple-MacBook-Pro-13-LED-Backlit-Wide-screen-Notebook-A1278-Fully-Working-Boxed/254760857950?hash=item3b50ee315e:g:IHQAAOSwCStfmA0b,True
"Apple 13.3"" MacBook Pro with Touch Bar Space Gray MUHN2LL/A Mid 2019",1174,https://www.ebay.com/itm/Apple-13-3-MacBook-Pro-with-Touch-Bar-Space-Gray-MUHN2LL-A-Mid-2019/164044985652?epid=14032813598&hash=item2631d7d534:g:vEUAAOSwU0VeKaiY,True
MacBook Pro 15 RETINA Radeon R9 ~ CORE i7 ~ 1TB SSD ~ 16GB ~ WARRANTY ~ OS-2020,779,https://www.ebay.com/itm/MacBook-Pro-15-RETINA-Radeon-R9-CORE-i7-1TB-SSD-16GB-WARRANTY-OS-2020/164399701620?_trkparms=ispr%3D1&hash=item2646fc5e74:g:qRkAAOSwdLJfbLy~&amdata=enc%3AAQAFAAACYBaobrjLl8XobRIiIML1V4Imu%252Fn%252BzU5L90Z278x5ickkfOCvCjTOBWK8pwriaolq5mfFltjvMfevcc0U14tDN0KThmbZcV%252Btk2ytTCn7Is8mzjvrR9Dla7Fu2vIGjJvQo%252FJ8H5esZ2KT2bSL%252BbEVtFGUqkKiYS0XVDrtVSSuuRuSmy8zjpQ%252F%252BJPBNaCS%252BQYnnL49fLkIk8namjvEWgu6ETQKzIkqsMUncNctqefqY1EHSKAwaj2wbz4L3%252BSZKNctA8Qf3lIoofcmnQYZ%252BsNuM47WL7jzh5sM34u8UTsLcC6ZL6N%252BvZAuqKp%252BUpylxF5w0%252BAu0zpvgwW1sQyIup60nxQ37pJRVbC37Bxi%252FrVjN35Cix%252BUPObc6Wbff1rVatiSj4Aok1jUtt2LEWR%252FchIOkDS3w67IphvcKaoGKe79cXIEj0WVZRdyAg6OOldcbC%252B7hnOlWxdIf4V1pZ%252BiZiRTJgM9IRBq1ia8rSpaD9eoku7W19BJxgUXZZstZ85LY3QXQBaornuKzHCuDB0HOxy7bEgdtmZfr2r5mLuYLSWUO62hVnFjPVI7a%252Fc6FFG2%252BV8My%252BSi%252F9%252FKRlQY5u4YEmpYB20a8gjdsr90DsrT6Cj4zOVQm6mAGcECMqmKoHP9lFmolmKlFyuTCvv7zMPeIfPW6XGy%252B7DvtALLaiE2unJ675GCEKCl5ZfuN%252BNXH2FpMHunPCM1jHU2Vc7abT1iLejbWbvam%252F3B2oB3LnMkZodzl9%252FeMFlDDwW6Cl1n4rF68eWtZPK9o0feJTcG45OomfXhXx39nF1e5kOlJaR68cE11s0z%7Ccksum%3A1643997016202973e3fbe22244d2b714e3577f5cbc1c%7Campid%3APL_CLK%7Cclp%3A2334524,True
Apple Macbook Pro 13 Pre-Retina Laptop - UPGRADED 1TB HD + 8GB RAM + WARRANTY,440,https://www.ebay.com/itm/Apple-Macbook-Pro-13-Pre-Retina-Laptop-UPGRADED-1TB-HD-8GB-RAM-WARRANTY/333116134702?_trkparms=ispr%3D1&hash=item4d8f44d52e:g:SGgAAOSwndBcjWeI&amdata=enc%3AAQAFAAACYBaobrjLl8XobRIiIML1V4Imu%252Fn%252BzU5L90Z278x5ickkCrLl8erj3ATP5raQxjc%252F%252B7VKfccVuQ6hVHMy%252FcTbUu1bJp6J0z7XUFNjOJm%252B6yFTRONZw956ywNNEcIBnXkgk4rVSIY%252BFIzfpjdejq3xEKyPIrBMyz2yWhUnlT0FvG3CwIpE229YwT4LI%252FCD4BiKVMHnX3Pl%252BbFeFYb0B58y%252Fqn%252Fb7b4B%252FXEGgE88jwlHeOZmJRp5ALE4RTILr7Bqiw9h9XzHPdtKNnPRkyrb260ybE7VdzygrfjQzXlfuWvODxUO1vOxUxOHCfxDOS0lQjQMI%252BqgFyfxSCZDytTMuvOYSp72sg8DifA1mmNOlKLz66Mhi7QIraxPSFpQJ3iCkNFbkktOJ5bDHFmP0qPQQjQ0pUNmYRCE2VKHfEPjetBQco%252FJLk02MOw6dVSBX1D1TrfsmKu%252FpxX8o%252B7V4N5YN0dFVCDENzJPdt1itBv%252Fdd9WtuAN1vRsCguU0Ka%252F4yMu4zH9efWPQkNLETX9LmrWV5DwQLI3q8Tw2gGzJ2qiJtrIJp5o1Y53RMfllApFmh9uQcMuLFRHJbe8pLJnFimaXoIcK6jrIFdrlR5pHQMYmd0W1VyRYi8WK4ceQTlCX6VzjeBew06Wcqri9dqe39MRtm6mr0JLIFFzGH7BFQMSxDcJj1ZQOGXCAc3vPCyDiK0lyg3vdOwAKhx27cXlI9fmuGRnod38vhEFuKe2zH6fuwu0h9Se%252BY%252BLJvngF2ktmdr%252BW9WHKZ7E%252FIDMyJI9%252FvYnSl4tArcq6P1kvpohEUkRnfmFqZb%7Ccksum%3A3331161347022973e3fbe22244d2b714e3577f5cbc1c%7Campid%3APL_CLK%7Cclp%3A2334524,True
"Apple Macbook Pro 13"" / i5 8GB RAM 250GB SSD / MAC OS 2019 / 2 Years Warranty",372,https://www.ebay.com/itm/Apple-Macbook-Pro-13-i5-8GB-RAM-250GB-SSD-MAC-OS-2019-2-Years-Warranty/333531513407?hash=item4da807023f:g:Sk4AAOSwuShfcoP0,True
Apple MacBook Pro A1707 EMC 3162 i7-7700HQ 2.8GHz 16GB 256GB SSD Rad 555 - WK1TV,793,https://www.ebay.com/itm/Apple-MacBook-Pro-A1707-EMC-3162-i7-7700HQ-2-8GHz-16GB-256GB-SSD-Rad-555-WK1TV/383783310375?hash=item595b449427:g:hlQAAOSw00VfmHDU,True
"Apple MacBook Pro Core i5 2.3GHz 13"" 8GB 256GB MPXT2LL/A Space Gray",636,https://www.ebay.com/itm/Apple-MacBook-Pro-Core-i5-2-3GHz-13-8GB-256GB-MPXT2LL-A-Space-Gray/264902168227?epid=238296338&hash=item3dad664ea3:g:noIAAOSw3rFfihSL,True
MacBook Pro 15 Retina ‚Ä¶ 3.2GHZ Turbo i7 ‚Ä¶ 16GB RAM 1TB SSD ‚Ä¶ WARRANTY ‚Ä¶ OS-2018,973,https://www.ebay.com/itm/MacBook-Pro-15-Retina-3-2GHZ-Turbo-i7-16GB-RAM-1TB-SSD-WARRANTY-OS-2018/264911129437?hash=item3dadef0b5d:g:ZmMAAOSwOopflDcv,True
BRAND NEW SEALED Apple MacBook Pro 2019 Touch Bar Core i7 / 16GB RAM / 512GB SSD,1614,https://www.ebay.com/itm/BRAND-NEW-SEALED-Apple-MacBook-Pro-2019-Touch-Bar-Core-i7-16GB-RAM-512GB-SSD/184506068622?hash=item2af56b2e8e:g:QvoAAOSwuN5flxVi,True
"2019 13"" MacBook Pro ""Touch Bar"" 1.4GHz Intel Core i5/8GB/128GB Flash/Space Gray",978,https://www.ebay.com/itm/2019-13-MacBook-Pro-Touch-Bar-1-4GHz-Intel-Core-i5-8GB-128GB-Flash-Space-Gray/363117400538?epid=14032813598&hash=item548b7bd1da:g:kRAAAOSwJ9Rfmcdh,True
"New ListingApple MacBook Pro 13-inch, 2016, 2 GHz Dual-Core Intel Core i5, 256GB, Silver",481,https://www.ebay.com/itm/Apple-MacBook-Pro-13-inch-2016-2-GHz-Dual-Core-Intel-Core-i5-256GB-Silver/284064278938?hash=item42238ce99a:g:ZYcAAOSwzVdfm~~a,True
Apple MacBook Pro Mid 2012 13-Inch LED Backlit i5 1TB - UPS POST ,307,https://www.ebay.com/itm/Apple-MacBook-Pro-Mid-2012-13-Inch-LED-Backlit-i5-1TB-UPS-POST/284063462981?hash=item4223807645:g:l6YAAOSwiglfnSX~,True
"Apple MacBook Pro MGXA2LL/A 15.4"" (Mid 2014) i7 2.2GHz 16GB RAM 256GB SSD Mojave",332,https://www.ebay.com/itm/Apple-MacBook-Pro-MGXA2LL-A-15-4-Mid-2014-i7-2-2GHz-16GB-RAM-256GB-SSD-Mojave/124400548845?epid=203694364&hash=item1cf6d9bbed:g:rwoAAOSwj2JfkQP5,True
"Ô£ø Apple MacBook Pro 15"" Retina BOOST TO 3.7GHz i7 16GB 512GB 90-DAY WARRANTY Ô£ø",1008,https://www.ebay.com/itm/Apple-MacBook-Pro-15-Retina-BOOST-TO-3-7GHz-i7-16GB-512GB-90-DAY-WARRANTY/264541190384?hash=item3d97e238f0:g:cA8AAOSwV0VfoCmo,True
"MacBook Pro Retina 15‚Äù '13 2.4GHz Intel Core i7, 8GB 1600 MHz, 256 GB storage",337,https://www.ebay.com/itm/MacBook-Pro-Retina-15-13-2-4GHz-Intel-Core-i7-8GB-1600-MHz-256-GB-storage/133563043621?hash=item1f18fa4f25:g:QvQAAOSwpxNflYwh,True
"Apple A1286 MacBook Pro Late 2008 15"" Intel Core 2 Duo 2.4GHz 8GB RAM 500GB ",84,https://www.ebay.com/itm/Apple-A1286-MacBook-Pro-Late-2008-15-Intel-Core-2-Duo-2-4GHz-8GB-RAM-500GB/133557911028?hash=item1f18abfdf4:g:9OcAAOSwuRxflyRX,True
"Apple MacBook Pro 15-inch (Early 2011) 2.2 GHz i7 8GB RAM, AMD Radeon, 250GB SSD",171,https://www.ebay.com/itm/Apple-MacBook-Pro-15-inch-Early-2011-2-2-GHz-i7-8GB-RAM-AMD-Radeon-250GB-SSD/133557850783?hash=item1f18ab129f:g:Zb4AAOSwjN5fllnP,True
Apple MacBook Pro 15.4 inch Retina Laptop 500GB SSD 16GB RAM 2.5GHz i7,445,https://www.ebay.com/itm/Apple-MacBook-Pro-15-4-inch-Retina-Laptop-500GB-SSD-16GB-RAM-2-5GHz-i7/224212862509?hash=item343420c62d:g:igwAAOSwl4Ffmdup,True
"New ListingApple MacBook Pro 13.3"" 256GB Laptop - MLL42LL/A (October, 2016, Space Gray)",635,https://www.ebay.com/itm/Apple-MacBook-Pro-13-3-256GB-Laptop-MLL42LL-A-October-2016-Space-Gray/383790799472?epid=231208399&hash=item595bb6da70:g:EAsAAOSwIXxfn2PJ,True
"Apple MacBook Pro 13.3"" 2017 256gb 8gb new Batry/LOGIC BRD/keybord by Apple‚ù§Ô∏è‚ù§Ô∏è",685,https://www.ebay.com/itm/Apple-MacBook-Pro-13-3-2017-256gb-8gb-new-Batry-LOGIC-BRD-keybord-by-Apple/124416981233?hash=item1cf7d478f1:g:zSUAAOSwjahfYoCl,True
Working Apple MacBook Pro 15.4inch Mid 2012 2.6GHz Intel Quad Core i7 500 GB HD,258,https://www.ebay.com/itm/Working-Apple-MacBook-Pro-15-4inch-Mid-2012-2-6GHz-Intel-Quad-Core-i7-500-GB-HD/193725551050?epid=23031094741&hash=item2d1af151ca:g:EsMAAOSwzr9fgMJk,True
1TB 8GBram Apple MacBook Pro 13‚Äù 2012 w/ Charger,247,https://www.ebay.com/itm/1TB-8GBram-Apple-MacBook-Pro-13-2012-w-Charger/203159713650?hash=item2f4d433772:g:t0wAAOSw5SFfj5pz,True
"Macbook Pro 15"" 2010, 8Gb RAM, 2.53Ghz i5, Intel, Sierra, 750 gb HD",151,https://www.ebay.com/itm/Macbook-Pro-15-2010-8Gb-RAM-2-53Ghz-i5-Intel-Sierra-750-gb-HD/154168761457?hash=item23e52c9c71:g:ShYAAOSw-vdfnDHJ,True
"Apple MD102B/A MacBook Pro A1278 13.3"" Laptop - Silver. USED",174,https://www.ebay.com/itm/Apple-MD102B-A-MacBook-Pro-A1278-13-3-Laptop-Silver-USED/293802472265?epid=14031285130&hash=item4467fdf349:g:5YcAAOSw629fl-wU,True
"Apple MacBook Pro 13.3"" (1TB SSD, Intel Core i5 10th Gen., 3.80 GHz, 16GB)...",930,https://www.ebay.com/itm/Apple-MacBook-Pro-13-3-1TB-SSD-Intel-Core-i5-10th-Gen-3-80-GHz-16GB/392993761548?epid=6038056111&hash=item5b8040e90c:g:-dIAAOSwbLxfmJEu,True
"Apple MacBook Pro Retina 13.3"" Laptop ME864LL/A Intel i5 2.40GHz 4GB 128GB SSD",488,https://www.ebay.com/itm/Apple-MacBook-Pro-Retina-13-3-Laptop-ME864LL-A-Intel-i5-2-40GHz-4GB-128GB-SSD/392066805288?hash=item5b4900ae28:g:k4MAAOSwBCtbK72s,True
"New ListingMacBook Pro 13"" - No Touch Bar: 2017, 2.3 GHz Intel Core i5,¬†128GB, 16GB RAM",514,https://www.ebay.com/itm/MacBook-Pro-13-No-Touch-Bar-2017-2-3-GHz-Intel-Core-i5-128GB-16GB-RAM/264921044617?hash=item3dae865689:g:J6IAAOSwbFdfjl-~,True
"Apple MacBook Pro 13.3"" (256GB SSD, Intel Core i5 8th Gen., 1.4 GHz, 8GB) Laptop",607,https://www.ebay.com/itm/Apple-MacBook-Pro-13-3-256GB-SSD-Intel-Core-i5-8th-Gen-1-4-GHz-8GB-Laptop/224212438056?epid=2303863019&hash=item34341a4c28:g:CRwAAOSw5DZfke3d,True
"Apple MacBook Pro 15"" A1286 (2011) Core i7 2.7 Ghz 4GB RAM 500 GB HDD! NO RES",184,https://www.ebay.com/itm/Apple-MacBook-Pro-15-A1286-2011-Core-i7-2-7-Ghz-4GB-RAM-500-GB-HDD-NO-RES/114492194548?hash=item1aa8443ef4:g:phMAAOSwaQdfnVtT,True
"New ListingApple MacBook Pro 1502 13.3"" Laptop - ME866LLA (October ,2013 8GB RAM¬† 500GB SSD",315,https://www.ebay.com/itm/Apple-MacBook-Pro-1502-13-3-Laptop-ME866LLA-October-2013-8GB-RAM-500GB-SSD/233766291997?epid=219531824&hash=item366d8e8a1d:g:5vUAAOSw27dfoCF6,True
New ListingApple Macbook Pro A1278 - 2011,72,https://www.ebay.com/itm/Apple-Macbook-Pro-A1278-2011/233765351244?hash=item366d802f4c:g:upkAAOSw4T1fnvzg,True
"Late 2008 15"" MacBook Pro / 2.8 GHz / 4GB RAM / 1TB HARD DRIVE / Charger Bundle",68,https://www.ebay.com/itm/Late-2008-15-MacBook-Pro-2-8-GHz-4GB-RAM-1TB-HARD-DRIVE-Charger-Bundle/154167790955?hash=item23e51dcd6b:g:FYoAAOSw5DlfmvI1,True
"New ListingApple MacBook Pro A1502 13.3 inch Laptop - ME864LL/A (October, 2013)",220,https://www.ebay.com/itm/Apple-MacBook-Pro-A1502-13-3-inch-Laptop-ME864LL-A-October-2013/324357198373?epid=174477594&hash=item4b85321225:g:-iwAAOSwS2xfnyyc,True
Apple MacBook Pro Bundle Mid 2012,379,https://www.ebay.com/itm/Apple-MacBook-Pro-Bundle-Mid-2012/224216323225?hash=item3434559499:g:wX4AAOSw8XRfnWrl,True
"Apple MacBook Pro 13"" Touch/2019, Intel i5-8257U, 8GB DDR3, 128GB SSD - TL1617",734,https://www.ebay.com/itm/Apple-MacBook-Pro-13-Touch-2019-Intel-i5-8257U-8GB-DDR3-128GB-SSD-TL1617/333769315205?hash=item4db6339385:g:GvkAAOSwwCNfmdBz,True
"New ListingMacBook Pro 13"" 2019 Core i5 2.4GHz Touch Bar (Space Grey)",1107,https://www.ebay.com/itm/MacBook-Pro-13-2019-Core-i5-2-4GHz-Touch-Bar-Space-Grey/402526929804?hash=item5db879838c:g:FmIAAOSwF2tfnsjJ,True
"Apple MacBook Pro 16'' (512GB, Intel Core i7, 2.6 GHz, 16 GB) Laptop - Space...",1248,https://www.ebay.com/itm/Apple-MacBook-Pro-16-512GB-Intel-Core-i7-2-6-GHz-16-GB-Laptop-Space/264915966834?epid=18035226370&hash=item3dae38db72:g:cjYAAOSw0lxfmabZ,True
"Apple MacBook Pro 15.4"" (512 GB SSD, Intel Core i7., 2.60 GHz, 16GB DDR4 Ram",1003,https://www.ebay.com/itm/Apple-MacBook-Pro-15-4-512-GB-SSD-Intel-Core-i7-2-60-GHz-16GB-DDR4-Ram/143810993729?hash=item217bcd9e41:g:0zwAAOSwp6xfma3G,True
"New ListingApple MacBook Pro 16"" 2019 macOS Catalina i9 @ 2.3GHz 16GB RAM 1TB a2141",1615,https://www.ebay.com/itm/Apple-MacBook-Pro-16-2019-macOS-Catalina-i9-2-3GHz-16GB-RAM-1TB-a2141/233765440886?hash=item366d818d76:g:kmMAAOSwSPFfgjNR,True
New ListingMACBOOK PRO 13 RETINA | CORE i7 | 16GB RAM | 1TB SSD | WARRANTY | OS-2015,367,https://www.ebay.com/itm/MACBOOK-PRO-13-RETINA-CORE-i7-16GB-RAM-1TB-SSD-WARRANTY-OS-2015/363162527612?hash=item548e2c677c:g:pSEAAOSw22Ffnvfk,True
Apple MacBook Pro 15 inch RETINA   CORE i7   1TB SSD   16GB   WARRANTY   OS-2019,739,https://www.ebay.com/itm/Apple-MacBook-Pro-15-inch-RETINA-CORE-i7-1TB-SSD-16GB-WARRANTY-OS-2019/264902878119?hash=item3dad7123a7:g:4TIAAOSwACRfivqS,True
"Apple Macbook Pro 13.3"" üçé i5 Dual 2.3GHz 128GB SSD üíª 2017 Space Gray MPXQ2LL/A",631,https://www.ebay.com/itm/Apple-Macbook-Pro-13-3-i5-Dual-2-3GHz-128GB-SSD-2017-Space-Gray-MPXQ2LL-A/333771956611?epid=238194934&hash=item4db65be183:g:~WsAAOSwYc5fnHt6,True
"Good Apple MacBook Pro 16"" 2019, Intel i9-9880H, 16GB DDR4, 1TB SSD - TL1638",1836,https://www.ebay.com/itm/Good-Apple-MacBook-Pro-16-2019-Intel-i9-9880H-16GB-DDR4-1TB-SSD-TL1638/333770663761?hash=item4db6482751:g:xggAAOSw4z5fmy8I,True
"New ListingMacBook Pro 16"" 2.4GHz i9 64GB RAM 8TB SSD Radeon Pro 5500M Apple Care til 2023",3965,https://www.ebay.com/itm/MacBook-Pro-16-2-4GHz-i9-64GB-RAM-8TB-SSD-Radeon-Pro-5500M-Apple-Care-til-2023/143817697787?hash=item217c33e9fb:g:8ucAAOSwHF1fnuvR,False
Apple MacBook Pro 15.4 inch Retina Laptop 500GB SSD 16GB RAM 2.8GHz i7,597,https://www.ebay.com/itm/Apple-MacBook-Pro-15-4-inch-Retina-Laptop-500GB-SSD-16GB-RAM-2-8GHz-i7/224212867045?hash=item343420d7e5:g:pqYAAOSwoKBfmd00,True
"Apple MacBook Pro 2015 15"" Retina 512GB SSD 16GB RAM 2.8GHz Intel i7 Tested",903,https://www.ebay.com/itm/Apple-MacBook-Pro-2015-15-Retina-512GB-SSD-16GB-RAM-2-8GHz-Intel-i7-Tested/114479577057?hash=item1aa783b7e1:g:EW0AAOSwhJNfk0kh,True
"Apple MacBook Pro 13-inch Mid 2012 2.9 GHz Intel Core i7, 750 GB SATA Disk, 8 GB",222,https://www.ebay.com/itm/Apple-MacBook-Pro-13-inch-Mid-2012-2-9-GHz-Intel-Core-i7-750-GB-SATA-Disk-8-GB/164475871883?hash=item264b86a28b:g:7X4AAOSwyrBfZRv2,True
"Apple MacBook Pro 15"" (Mid 2018)  i7 / 16GB DDR4 / 256GB SSD / Radeon Pro 560x",947,https://www.ebay.com/itm/Apple-MacBook-Pro-15-Mid-2018-i7-16GB-DDR4-256GB-SSD-Radeon-Pro-560x/254760231494?hash=item3b50e4a246:g:-bgAAOSwFkxfjSo2,True
Apple MacBook Pro 15 inch RETINA ‚âõ CORE i7 ‚âõ 1TB SSD ‚âõ 16GB ‚âõ WARRANTY ‚âõ OS-2015,484,https://www.ebay.com/itm/Apple-MacBook-Pro-15-inch-RETINA-CORE-i7-1TB-SSD-16GB-WARRANTY-OS-2015/264902874968?hash=item3dad711758:g:VQoAAOSwKCheJLgp,True
Macbook Pro 11,269,https://www.ebay.com/itm/Macbook-Pro-11/254759464575?hash=item3b50d8ee7f:g:8vMAAOSwC6NfiL3-,True
macbook pro retina 13 2015,611,https://www.ebay.com/itm/macbook-pro-retina-13-2015/264916075522?hash=item3dae3a8402:g:GJAAAOSwk6xfh1B1,True
"Apple Macbook Pro Retina 15"" Late 2013¬†",342,https://www.ebay.com/itm/Apple-Macbook-Pro-Retina-15-Late-2013/164476922769?hash=item264b96ab91:g:ZswAAOSwD6hfj14b,True
"Apple MacBook Pro Retina display 13.3"" Laptop Early,2015, 256GB 8GB RAM 2.7GHz",443,https://www.ebay.com/itm/Apple-MacBook-Pro-Retina-display-13-3-Laptop-Early-2015-256GB-8GB-RAM-2-7GHz/184513295877?hash=item2af5d97605:g:sO0AAOSw0M9fhKHS,True
MACBOOK PRO RETINA 15 | QUAD CORE i7 TURBO | 16GB | 500GB SSD | WARRANTY,876,https://www.ebay.com/itm/MACBOOK-PRO-RETINA-15-QUAD-CORE-i7-TURBO-16GB-500GB-SSD-WARRANTY/362801691132?hash=item5478aa79fc:g:8sAAAOSw9-Zdv0yb,True
MACBOOK PRO 13 | RETINA | CORE i7 | 1TB SSD | 16GB RAM | WARRANTY | OS-2018,783,https://www.ebay.com/itm/MACBOOK-PRO-13-RETINA-CORE-i7-1TB-SSD-16GB-RAM-WARRANTY-OS-2018/283927098787?hash=item421b5fb5a3:g:dowAAOSw2gxe9O3R,True
Apple MacBook Pro 15 inch RETINA ‚ú£ CORE i7 ‚ú£ 1TB SSD ‚ú£ 16GB ‚ú£ WARRANTY ‚ú£ OS-2016,553,https://www.ebay.com/itm/Apple-MacBook-Pro-15-inch-RETINA-CORE-i7-1TB-SSD-16GB-WARRANTY-OS-2016/264902875585?hash=item3dad7119c1:g:xmcAAOSwMYRfivm9,True
Apple MacBook Pro 13-inch Core i5 - MD101 - 2.5 GHz 4 GB RAM 256 GB SSD Mid 2012,360,https://www.ebay.com/itm/Apple-MacBook-Pro-13-inch-Core-i5-MD101-2-5-GHz-4-GB-RAM-256-GB-SSD-Mid-2012/174370701698?hash=item28994dc182:g:NQYAAOSwUfhfJBT7,True
"Apple MacBook Pro 2019 Space Gray 16"" 1TB SSD 16GB RAM 2.3GHz Intel i9 Tested",2048,https://www.ebay.com/itm/Apple-MacBook-Pro-2019-Space-Gray-16-1TB-SSD-16GB-RAM-2-3GHz-Intel-i9-Tested/114485597817?epid=6035192020&hash=item1aa7df9679:g:YPQAAOSwzztfmEFs,False
"Apple MacBook Pro Core i7 Retina 2.7GHz 16GB RAM 512GB SSD Touch 15"" - MLH42LL/A",1165,https://www.ebay.com/itm/Apple-MacBook-Pro-Core-i7-Retina-2-7GHz-16GB-RAM-512GB-SSD-Touch-15-MLH42LL-A/133325784955?epid=231143432&hash=item1f0ad6077b:g:XsYAAOSw8hpeOuL7,True
"Apple MacBook Pro Space Gray 15"" Touch Bar 256GB SSD 16GB Swiss Multilingual",1123,https://www.ebay.com/itm/Apple-MacBook-Pro-Space-Gray-15-Touch-Bar-256GB-SSD-16GB-Swiss-Multilingual/114452398125?epid=238181980&hash=item1aa5e5002d:g:7zMAAOSwS5tff0BK,True
"Apple 13.3"" MacBook Pro with Touch Bar Space Gray MUHN2LL/A December 2019 Used",842,https://www.ebay.com/itm/Apple-13-3-MacBook-Pro-with-Touch-Bar-Space-Gray-MUHN2LL-A-December-2019-Used/164478914094?epid=14032813598&hash=item264bb50e2e:g:zRUAAOSwiJRePBEj,True
"Apple MacBook Pro Space Gray 13"" Touch Bar 256GB SSD 16GB RAM 3.5GHz i7",903,https://www.ebay.com/itm/Apple-MacBook-Pro-Space-Gray-13-Touch-Bar-256GB-SSD-16GB-RAM-3-5GHz-i7/124373517765?hash=item1cf53d45c5:g:48UAAOSwus1ff4iZ,True
"Macbook Pro (13.3"" Core i5 8GB 256GB 2.3GHz Catalina) Mid 2017 (Screen Issue)",534,https://www.ebay.com/itm/Macbook-Pro-13-3-Core-i5-8GB-256GB-2-3GHz-Catalina-Mid-2017-Screen-Issue/193687825260?hash=item2d18b1ab6c:g:sWEAAOSw9htfcpvL,True
New ListingMACBOOK PRO 13 RETINA | CORE i7 | 16GB RAM | 1TB SSD | WARRANTY | OS-2017,1203,https://www.ebay.com/itm/MACBOOK-PRO-13-RETINA-CORE-i7-16GB-RAM-1TB-SSD-WARRANTY-OS-2017/363162532941?hash=item548e2c7c4d:g:YDAAAOSwFHBfnvsA,True
MACBOOK PRO 13 | RETINA | CORE i7 | 1TB SSD | 16GB RAM | WARRANTY | OS-2019,386,https://www.ebay.com/itm/MACBOOK-PRO-13-RETINA-CORE-i7-1TB-SSD-16GB-RAM-WARRANTY-OS-2019/283927097793?hash=item421b5fb1c1:g:dowAAOSw2gxe9O3R,True
"MacBook Pro 16"" üçé Touch Bar i7 16GB RAM 512GB SSD Space Gray üíª MVVJ2LL/A 2019",1806,https://www.ebay.com/itm/MacBook-Pro-16-Touch-Bar-i7-16GB-RAM-512GB-SSD-Space-Gray-MVVJ2LL-A-2019/233672472531?epid=18035226370&hash=item3667f6f7d3:g:6XsAAOSwkY9fh0ds,True
Apple MacBook Pro 15 inch * QUAD Core i7 3.4Ghz * 16GB RAM * 2TB SSD * OS2019,868,https://www.ebay.com/itm/Apple-MacBook-Pro-15-inch-QUAD-Core-i7-3-4Ghz-16GB-RAM-2TB-SSD-OS2019/164403107442?hash=item2647305672:g:jpgAAOSwXrVfb1T~,True
Apple MacBook Pro 15 inch RETINA / CORE i7 / 1TB SSD / 16GB / WARRANTY / OS-2018,553,https://www.ebay.com/itm/Apple-MacBook-Pro-15-inch-RETINA-CORE-i7-1TB-SSD-16GB-WARRANTY-OS-2018/264902877203?hash=item3dad712013:g:PPwAAOSwoQ5fivoK,True
Apple MacBook Pro 15 inch Touch Bar i7 2.6 GHz 16GB RAM 500GB -¬†Space Grey,1005,https://www.ebay.com/itm/Apple-MacBook-Pro-15-inch-Touch-Bar-i7-2-6-GHz-16GB-RAM-500GB-Space-Grey/333772152816?hash=item4db65edff0:g:pRkAAOSwW41fnK8S,True
"NICE 13"" Apple MacBook Pro 2017 Retina 2.3GHz i5 16GB RAM 256GB GRAY + WARRANTY!",861,https://www.ebay.com/itm/NICE-13-Apple-MacBook-Pro-2017-Retina-2-3GHz-i5-16GB-RAM-256GB-GRAY-WARRANTY/293803235719?hash=item4468099987:g:I-8AAOSw-AdfmISS,True
MacBook Pro 16-inch Space Gray 2019 2.6GHz i7 16GB 512GB SSD Excellent Condition,1837,https://www.ebay.com/itm/MacBook-Pro-16-inch-Space-Gray-2019-2-6GHz-i7-16GB-512GB-SSD-Excellent-Condition/293486396635?epid=18035226370&hash=item44552704db:g:NZsAAOSw7PNeTxOv,True
"Good Apple MacBook Pro 2019, Intel i7-8569U, 16GB DDR3, 512GB SSD - TL1616",1395,https://www.ebay.com/itm/Good-Apple-MacBook-Pro-2019-Intel-i7-8569U-16GB-DDR3-512GB-SSD-TL1616/333769293058?hash=item4db6333d02:g:7G4AAOSwwoRfmct3,True
"New ListingApple Retina MacBook Pro (15-inch Laptop, 2.3 GHz Intel Core i7)",440,https://www.ebay.com/itm/Apple-Retina-MacBook-Pro-15-inch-Laptop-2-3-GHz-Intel-Core-i7/143818245726?hash=item217c3c465e:g:VHkAAOSwH9Jfn1Py,True
"Apple MacBook Pro 13.3"" (128GB SSD, 8GB Ram) Excellent Condition",705,https://www.ebay.com/itm/Apple-MacBook-Pro-13-3-128GB-SSD-8GB-Ram-Excellent-Condition/254761125251?epid=14032813598&hash=item3b50f24583:g:-IgAAOSwDL1fmF-q,True
"Apple MacBook Pro Space Gray 13"" Touch Bar 512GB SSD 8GB RAM 3.1GHz Tested",815,https://www.ebay.com/itm/Apple-MacBook-Pro-Space-Gray-13-Touch-Bar-512GB-SSD-8GB-RAM-3-1GHz-Tested/124416550017?hash=item1cf7cde481:g:uc8AAOSwc~NflIJX,True
"Apple MacBook Pro 13"" Retina (2015) 2.7GHz  i5 8GB 128GB SSD - LCD lines",372,https://www.ebay.com/itm/Apple-MacBook-Pro-13-Retina-2015-2-7GHz-i5-8GB-128GB-SSD-LCD-lines/154164045310?hash=item23e4e4a5fe:g:Uw0AAOSwc-FfmHWr,True
"Apple MacBook Pro (16-inch, 16GB RAM, 512GB Storage, 2.6GHz Intel Core i7) -",1762,https://www.ebay.com/itm/Apple-MacBook-Pro-16-inch-16GB-RAM-512GB-Storage-2-6GHz-Intel-Core-i7/154075134171?epid=23035191805&hash=item23df97f8db:g:XWsAAOSwFHteQFmd,True
MACBOOK PRO 15 TOUCH RETINA ‚âõ RADEON ‚âõ CORE i7 ‚âõ 16GB ‚âõ 1TB SSD ‚âõ OSX-2016,552,https://www.ebay.com/itm/MACBOOK-PRO-15-TOUCH-RETINA-RADEON-CORE-i7-16GB-1TB-SSD-OSX-2016/264915622674?hash=item3dae339b12:g:7xwAAOSw7CZfiz7c,True
"Apple MacBook Pro 15-Inch ""Core i7"" 2.2 Mid-2015",880,https://www.ebay.com/itm/Apple-MacBook-Pro-15-Inch-Core-i7-2-2-Mid-2015/283957590598?hash=item421d30fa46:g:nLIAAOSwIvlfGnq8,True
Used - Macbook pro 13 inch 2015,538,https://www.ebay.com/itm/Used-Macbook-pro-13-inch-2015/174483875009?hash=item28a00ca4c1:g:41sAAOSwQ~Vfi0wB,True
New ListingApple Macbook Pro 15 | 16GB RAM | 1TB SSD | 2 GHz Intel i7 | MacOS 2019 Catalina,587,https://www.ebay.com/itm/Apple-Macbook-Pro-15-16GB-RAM-1TB-SSD-2-GHz-Intel-i7-MacOS-2019-Catalina/154172867096?hash=item23e56b4218:g:gl4AAOSw~rpfnajN,True
"MacBook Pro 13‚Äù 2018 256gb Space Grey - Only 50 Cycles, Basically New!",1012,https://www.ebay.com/itm/MacBook-Pro-13-2018-256gb-Space-Grey-Only-50-Cycles-Basically-New/254763477987?hash=item3b51162be3:g:Bd8AAOSw8JRfm8hg,True
"Apple MacBook Pro üçé 13.3"" Touch Bar 1.7GHz Quad i7 256GB SSD Z0W40LL/A 2019",1018,https://www.ebay.com/itm/Apple-MacBook-Pro-13-3-Touch-Bar-1-7GHz-Quad-i7-256GB-SSD-Z0W40LL-A-2019/333677814942?epid=27035586154&hash=item4db0bf649e:g:swIAAOSw9odfWklu,True
"Apple Macbook Pro 13"" 2017  Intel i5 2.3 GHz / 16GB / 256GB SSD New Battery",734,https://www.ebay.com/itm/Apple-Macbook-Pro-13-2017-Intel-i5-2-3-GHz-16GB-256GB-SSD-New-Battery/233757728005?hash=item366d0bdd05:g:9uMAAOSwhU1fiJ3B,True
BRAND NEW SEALED Apple MacBook Pro 16'' (512GB Intel i7 2.6ghz),1307,https://www.ebay.com/itm/BRAND-NEW-SEALED-Apple-MacBook-Pro-16-512GB-Intel-i7-2-6ghz/133559126138?epid=18035226370&hash=item1f18be887a:g:czEAAOSwxONfOyz2,True
"Apple MacBook Pro Touch Bar 2017 15"" Laptop 512GB 16GB RAM Space Gray",1250,https://www.ebay.com/itm/Apple-MacBook-Pro-Touch-Bar-2017-15-Laptop-512GB-16GB-RAM-Space-Gray/114492528661?hash=item1aa8495815:g:Ab0AAOSwl3VfnZ~Z,True
"New ListingApple MacBook Pro 15"" 512GB SSD 16GB RAM i7",1138,https://www.ebay.com/itm/Apple-MacBook-Pro-15-512GB-SSD-16GB-RAM-i7/154173466353?hash=item23e57466f1:g:GTsAAOSwpE5flv4s,True
"Apple MacBook Pro 16"" Intel Core i7 16GB AMD 5300M 512GB Space Gray MVVJ2LL/A",1860,https://www.ebay.com/itm/Apple-MacBook-Pro-16-Intel-Core-i7-16GB-AMD-5300M-512GB-Space-Gray-MVVJ2LL-A/164204775371?epid=18035226370&hash=item263b5e07cb:g:8kwAAOSwDptewTmw,True
"Apple Macbook Pro Retina 13"" (Mid 2014) 128GB, i5, 8GB RAM",322,https://www.ebay.com/itm/Apple-Macbook-Pro-Retina-13-Mid-2014-128GB-i5-8GB-RAM/233764889022?hash=item366d7921be:g:AVsAAOSw0qFfOt9f,True
" Apple Macbook Pro 13"" Pre-Retina OSX-2017 Core i5 / 2.3GHz / 8GB RAM / 750GB ",386,https://www.ebay.com/itm/Apple-Macbook-Pro-13-Pre-Retina-OSX-2017-Core-i5-2-3GHz-8GB-RAM-750GB/293755599354?hash=item446532b9fa:g:k5gAAOSwcjdfj5~7,True
"Apple MacBook Pro A1708 2017 13"" i5-7360U@2.30GHz 8GB 128GB SSD",528,https://www.ebay.com/itm/Apple-MacBook-Pro-A1708-2017-13-i5-7360U-2-30GHz-8GB-128GB-SSD/233621260439?hash=item3664e98897:g:R2AAAOSwfWFe6QrK,True
"New ListingMAXED!! Apple Macbook Pro 15"" i7 Pre-Retina + 500 GB Solid State Drive + EXTRAS!",680,https://www.ebay.com/itm/MAXED-Apple-Macbook-Pro-15-i7-Pre-Retina-500-GB-Solid-State-Drive-EXTRAS/274558421650?epid=219488365&hash=item3fecf50a92:g:pDYAAOSwePdfoCOe,True
"Apple MacBook Pro 16"" (1tb SSD, Intel Core i9, 2,30 GHz, 16gb, Radeon Pro 5500m)",2406,https://www.ebay.com/itm/Apple-MacBook-Pro-16-1TB-SSD-Intel-Core-i9-2-30-GHz-16GB-Radeon-Pro-5500M/264912615042?epid=10035187584&hash=item3dae05b682:g:eaIAAOSwiWBflcwB,False
MacBook Pro Retina 15.4 2.3GHz 16GB Ram Screen Issue,391,https://www.ebay.com/itm/MacBook-Pro-Retina-15-4-2-3GHz-16GB-Ram-Screen-Issue/264833831935?hash=item3da95393ff:g:WAcAAOSwgc5fMDNd,True
Apple MacBook Pro 2018 15 inch Intel i7 2.6Ghz Touchbar 16GB DDR4 Ram-500GB SSD,1543,https://www.ebay.com/itm/Apple-MacBook-Pro-2018-15-inch-Intel-i7-2-6Ghz-Touchbar-16GB-DDR4-Ram-500GB-SSD/114494085127?hash=item1aa8611807:g:m80AAOSwHHxfntCZ,True
MACBOOK PRO 13 ‚ùÉ RETINA ‚ùÉ CORE i7 ‚ùÉ 16GB RAM ‚ùÉ 1TB SSD ‚ùÉ 3 YR WARRANTY OS-2015,674,https://www.ebay.com/itm/MACBOOK-PRO-13-RETINA-CORE-i7-16GB-RAM-1TB-SSD-3-YR-WARRANTY-OS-2015/264895645454?hash=item3dad02c70e:g:KgsAAOSwdVBfgzaM,True
"Apple MacBook Pro 16-inch, 16GB RAM, 512GB Storage 2.6GHz Intel Core i7 Openbox",1782,https://www.ebay.com/itm/Apple-MacBook-Pro-16-inch-16GB-RAM-512GB-Storage-2-6GHz-Intel-Core-i7-Openbox/154131206538?epid=18035226370&hash=item23e2ef918a:g:oSMAAOSwRv1eidra,True
macbook pro retina 13 mid 2014,316,https://www.ebay.com/itm/macbook-pro-retina-13-mid-2014/254764124301?hash=item3b5120088d:g:P5YAAOSwr4RfXgQb,True
"Apple Macbook Pro Retina 15"" Up to 2.8Ghz i7 2015 16GB 1TB SSD BTO + WARRANTY",636,https://www.ebay.com/itm/Apple-Macbook-Pro-Retina-15-Up-to-2-8Ghz-i7-2015-16GB-1TB-SSD-BTO-WARRANTY/303523769440?hash=item46ab6d2c60:g:7MsAAOSwLIpee7jx,True
"Apple MacBook Pro 15"" Retina 15-inch Late 2013 2.3GHz Intel i7 16GB 1TB SSD",778,https://www.ebay.com/itm/Apple-MacBook-Pro-15-Retina-15-inch-Late-2013-2-3GHz-Intel-i7-16GB-1TB-SSD/333764481481?hash=item4db5e9d1c9:g:Q-gAAOSwFE5fk8bO,True
"2019 13"" MacBook Pro 1.7GHz Intel Core i7/8GB/256GB Flash/Space Gray",1174,https://www.ebay.com/itm/2019-13-MacBook-Pro-1-7GHz-Intel-Core-i7-8GB-256GB-Flash-Space-Gray/274428104330?epid=5021491514&hash=item3fe5308e8a:g:S6sAAOSwzJZfmcdi,True
MACBOOK PRO 13 TOUCH RETINA ¬∞ CORE i7 ¬∞ 16GB RAM 1TB SSD ¬∞ 3 YR WARRANTY OS-2017,559,https://www.ebay.com/itm/MACBOOK-PRO-13-TOUCH-RETINA-CORE-i7-16GB-RAM-1TB-SSD-3-YR-WARRANTY-OS-2017/264916895025?hash=item3dae470531:g:giYAAOSw7tJfgziM,True
2018 MACBOOK PRO 15 RETINA - 6 TO 12 CORE i9 - 32GB RAM 1TB SSD - LOW CYCLES,2347,https://www.ebay.com/itm/2018-MACBOOK-PRO-15-RETINA-6-TO-12-CORE-i9-32GB-RAM-1TB-SSD-LOW-CYCLES/284058098469?hash=item42232e9b25:g:9goAAOSw7ytdEnl2,False
"Apple MacBook Pro 13""  2.26GHz Core 2 Duo, 4GB RAM 500GB HDD Mid 2009 - Silver ",348,https://www.ebay.com/itm/Apple-MacBook-Pro-13-2-26GHz-Core-2-Duo-4GB-RAM-500GB-HDD-Mid-2009-Silver/274358813038?hash=item3fe10f416e:g:XgwAAOSwBRpcfi2R,True
"NEW Apple MacBook Pro 2019 13.3"" i7 2.8 16GB 512GB SSD March 2023 AppleCare+ ‚úÖ",1752,https://www.ebay.com/itm/NEW-Apple-MacBook-Pro-2019-13-3-i7-2-8-16GB-512GB-SSD-March-2023-AppleCare/124403181151?epid=27034679111&hash=item1cf701e65f:g:M2kAAOSwYvde6q3W,True
Macbook Pro 13.3 Inch 4GB Ram 128GB SSD,264,https://www.ebay.com/itm/Macbook-Pro-13-3-Inch-4GB-Ram-128GB-SSD/333773671636?hash=item4db6760cd4:g:wAoAAOSwISBfcZih,True
‚ú® Apple MacBook Pro 15 ‚ú® Intel Core ‚ú® 8GB RAM 1TB SSD ‚ú® WARRANTY ‚ú®OSX-2015 ‚ú® ,600,https://www.ebay.com/itm/Apple-MacBook-Pro-15-Intel-Core-8GB-RAM-1TB-SSD-WARRANTY-OSX-2015/202898372278?hash=item2f3daf76b6:g:ih8AAOSweEFeOsT0,True
"Apple MacBook Pro 15"" 2017 TB 3.1Ghz i7 16GB 1TB 4GB GPU | AS IS",1072,https://www.ebay.com/itm/Apple-MacBook-Pro-15-2017-TB-3-1Ghz-i7-16GB-1TB-4GB-GPU-AS-IS/133528597081?hash=item1f16ecb259:g:6QcAAOSw2dJfY0Cl,True
Macbook Pro 2015 Retina 13in 8 GB Mojave,346,https://www.ebay.com/itm/Macbook-Pro-2015-Retina-13in-8-GB-Mojave/143810889160?hash=item217bcc05c8:g:PA8AAOSwjV9flv8s,True
MACBOOK PRO 15 TOUCH RETINA ‚âõ RADEON ‚âõ CORE i7 ‚âõ 16GB ‚âõ 1TB SSD ‚âõ OSX-2015,1125,https://www.ebay.com/itm/MACBOOK-PRO-15-TOUCH-RETINA-RADEON-CORE-i7-16GB-1TB-SSD-OSX-2015/264915622406?hash=item3dae339a06:g:PRMAAOSwV65fizzi,True
2017 MacBook Pro 13 inch 8GB 2.3 GHz Dual-Core Intel Core i5 128GB SSD 8GB RAM ,440,https://www.ebay.com/itm/2017-MacBook-Pro-13-inch-8GB-2-3-GHz-Dual-Core-Intel-Core-i5-128GB-SSD-8GB-RAM/383783621800?hash=item595b4954a8:g:wUQAAOSwQ6ZfmMlP,True
MacBook Pro üçé Touch Bar 2.3 GHz Quad i5 512GB SSD Space Gray MR9R2LL/A 2018,988,https://www.ebay.com/itm/MacBook-Pro-Touch-Bar-2-3-GHz-Quad-i5-512GB-SSD-Space-Gray-MR9R2LL-A-2018/233690994978?epid=10022297999&hash=item3669119922:g:tZYAAOSwD75figvy,True
"Apple MacBook Pro 15.4"" - MJLU2LL/A - Mid-2015 - 2.8GHz i7 - 16GB RAM - 512GB",856,https://www.ebay.com/itm/Apple-MacBook-Pro-15-4-MJLU2LL-A-Mid-2015-2-8GHz-i7-16GB-RAM-512GB/274496658567?epid=219569428&hash=item3fe9469c87:g:E9kAAOSwlWdfYZ9I,True
MacBook Pro 13 Space Gray 2016 2.0GHz i5 8GB 256GB Very Good Condition,749,https://www.ebay.com/itm/MacBook-Pro-13-Space-Gray-2016-2-0GHz-i5-8GB-256GB-Very-Good-Condition/293506371517?epid=231208399&hash=item445657cfbd:g:KIIAAOSw1P1fV~qY,True
Apple MacBook Pro 13 2.3-3.1GHz Core i5 TURBO / 16GB RAM 2TB / UPGRADE WARRANTY,699,https://www.ebay.com/itm/Apple-MacBook-Pro-13-2-3-3-1GHz-Core-i5-TURBO-16GB-RAM-2TB-UPGRADE-WARRANTY/202727300566?hash=item2f337d1dd6:g:JysAAOSwOO5dIOoW,True
"2018 Apple 13"" MacBook Pro ""Touch Bar"" 2.7GHz i7/16GB/1TB Flash/Space Gray",1565,https://www.ebay.com/itm/2018-Apple-13-MacBook-Pro-Touch-Bar-2-7GHz-i7-16GB-1TB-Flash-Space-Gray/254709675313?hash=item3b4de13531:g:yP4AAOSwIFhfmcdg,True
"2019 13"" MacBook Pro 1.4GHz Intel Core i5/16GB/128GB Flash/Space Gray",1076,https://www.ebay.com/itm/2019-13-MacBook-Pro-1-4GHz-Intel-Core-i5-16GB-128GB-Flash-Space-Gray/254737216215?epid=14032813598&hash=item3b4f8572d7:g:VTAAAOSwtmBfmcdk,True
"Apple MacBook Pro (13-inch Space Gray Magic Keyboard) 8GB RAM, 256GB SSD openbox",1126,https://www.ebay.com/itm/Apple-MacBook-Pro-13-inch-Space-Gray-Magic-Keyboard-8GB-RAM-256GB-SSD-openbox/154126473143?epid=4038042762&hash=item23e2a757b7:g:QIAAAOSwp0VesXzn,True
2017 Apple MacBook Pro 15 Space Gray Touchbar 3.1ghz I7 16 RAM 512gb,1054,https://www.ebay.com/itm/2017-Apple-MacBook-Pro-15-Space-Gray-Touchbar-3-1ghz-I7-16-RAM-512gb/324349676315?hash=item4b84bf4b1b:g:Zl0AAOSwtmlfjFxl,True
Apple MacBook Pro 15 inch RETINA ‚ú∏ CORE i7 ‚ú∏ 1TB SSD ‚ú∏ 16GB ‚ú∏ WARRANTY ‚ú∏ OS-2017,621,https://www.ebay.com/itm/Apple-MacBook-Pro-15-inch-RETINA-CORE-i7-1TB-SSD-16GB-WARRANTY-OS-2017/264902876187?hash=item3dad711c1b:g:obwAAOSw8vtfivnZ,True
"Apple MacBook Pro 13"" Touch Bar / Core i5 3.3 GHz / 256GB / 8GB RAM (Mid 2017)",890,https://www.ebay.com/itm/Apple-MacBook-Pro-13-Touch-Bar-Core-i5-3-3-GHz-256GB-8GB-RAM-Mid-2017/233721544815?epid=23028319768&hash=item366ae3c06f:g:cXAAAOSwV4BfaXzQ,True
"MacBook Pro (13-inch, Early 2015, Two Thunderbolt 3 ports)-British Keyboard",506,https://www.ebay.com/itm/MacBook-Pro-13-inch-Early-2015-Two-Thunderbolt-3-ports-British-Keyboard/233762905713?hash=item366d5ade71:g:Bw8AAOSwDMpetD-n,True
13-inch Macbook Pro - Space Gray (SENDMONEYINDIVIDUALLYFIRST),979,https://www.ebay.com/itm/13-inch-Macbook-Pro-Space-Gray-SENDMONEYINDIVIDUALLYFIRST/124414802769?hash=item1cf7b33b51:g:bxUAAOSwmU5fmzha,True
"Apple MacBook Pro 2016 Touch Bar 15"" 2.6GHz i7 256GB SSD 16GB - Fast Shipping ",1155,https://www.ebay.com/itm/Apple-MacBook-Pro-2016-Touch-Bar-15-2-6GHz-i7-256GB-SSD-16GB-Fast-Shipping/114447761850?hash=item1aa59e41ba:g:uPQAAOSwf~tfe-SP,True
"APPLE MACBOOK PRO CTO 13.3"" I7 3.1GHZ 16GB 512GB 2015 +NEW BATTERY +EXPRESS SHIP",660,https://www.ebay.com/itm/APPLE-MACBOOK-PRO-CTO-13-3-I7-3-1GHZ-16GB-512GB-2015-NEW-BATTERY-EXPRESS-SHIP/224215766210?epid=217091238&hash=item34344d14c2:g:CgkAAOSwMXdfnLvb,True
Apple MacBook Pro 17 Inch - Core i7 - 16GB 512 GB SSD  - OS 2017 - Warranty!,773,https://www.ebay.com/itm/Apple-MacBook-Pro-17-Inch-Core-i7-16GB-512-GB-SSD-OS-2017-Warranty/164454717632?epid=99740890&hash=item264a43d8c0:g:I7IAAOSwt3teV3Ie,True
Apple MacBook Pro 15 inch * QUAD Core i7 3.4Ghz * 16GB RAM * 1TB SSD * OS2017,810,https://www.ebay.com/itm/Apple-MacBook-Pro-15-inch-QUAD-Core-i7-3-4Ghz-16GB-RAM-1TB-SSD-OS2017/164403104038?hash=item2647304926:g:mhEAAOSwehZfb1GK,True
"BARGAIN 15"" 2014 Apple MacBook Pro Retina 2.2GHz i7 16GB RAM 256GB SSD WARRANTY!",646,https://www.ebay.com/itm/BARGAIN-15-2014-Apple-MacBook-Pro-Retina-2-2GHz-i7-16GB-RAM-256GB-SSD-WARRANTY/124410563062?hash=item1cf77289f6:g:XRsAAOSwCpxfmIZA,True
"New ListingApple MacBook Pro 13"" 2014",912,https://www.ebay.com/itm/Apple-Macbook-Pro-13-2014/274558298853?hash=item3fecf32ae5:g:Uv0AAOSwYL9fkttr,True
MACBOOK PRO 13 | RETINA | CORE i7 | 1TB SSD | 16GB RAM | WARRANTY | OS-2020,562,https://www.ebay.com/itm/MACBOOK-PRO-13-RETINA-CORE-i7-1TB-SSD-16GB-RAM-WARRANTY-OS-2020/283927082222?hash=item421b5f74ee:g:dowAAOSw2gxe9O3R,True
"Apple MacBook Pro 2015 13"" Retina 256GB SSD 8GB RAM 2.7GHz Intel i5 Fully Tested",519,https://www.ebay.com/itm/Apple-MacBook-Pro-2015-13-Retina-256GB-SSD-8GB-RAM-2-7GHz-Intel-i5-Fully-Tested/124410324424?hash=item1cf76ee5c8:g:-G0AAOSw7SxfmF1~,True
"Apple MacBook Pro 13"" Touch Bar (2020) Intel Core i5 256GB Space Gray MXK32LL/A",1116,https://www.ebay.com/itm/Apple-MacBook-Pro-13-Touch-Bar-2020-Intel-Core-i5-256GB-Space-Gray-MXK32LL-A/353259048900?epid=4038042762&hash=item523fe14fc4:g:fkcAAOSwXwBfnsC2,True
"Apple Macbook Pro 13"" Retina (2013) - 2.4ghz Core i5 - Choose Specs & Condition",440,https://www.ebay.com/itm/Apple-Macbook-Pro-13-Retina-2013-2-4ghz-Core-i5-Choose-Specs-Condition/154110377066?hash=item23e1b1bc6a:g:OZ8AAOSwLeNfFyYR,True
"Apple 15"" MacBook Pro Touch Bar 2019 2.3GHz i9 512GB SSD 16GB A1990 MV912LL/A",1810,https://www.ebay.com/itm/Apple-15-MacBook-Pro-Touch-Bar-2019-2-3GHz-i9-512GB-SSD-16GB-A1990-MV912LL-A/124029282048?epid=14032109009&hash=item1ce0b8a700:g:C2UAAOSwJZtfMZsa,True
MACBOOK PRO 15 TOUCH RETINA ‚âõ RADEON R9 ‚âõ CORE i7 ‚âõ 16GB ‚âõ 1TB SSD ‚âõ OSX-2015,768,https://www.ebay.com/itm/MACBOOK-PRO-15-TOUCH-RETINA-RADEON-R9-CORE-i7-16GB-1TB-SSD-OSX-2015/264903181457?hash=item3dad75c491:g:PRMAAOSwV65fizzi,True
"Apple MacBook Pro 2017 Space Gray 13"" 256GB SSD 16GB RAM 2.5GHz Intel i7 Tested",872,https://www.ebay.com/itm/Apple-MacBook-Pro-2017-Space-Gray-13-256GB-SSD-16GB-RAM-2-5GHz-Intel-i7-Tested/124365805455?hash=item1cf4c7978f:g:A1wAAOSw08ZfPq3j,True
Apple MacBook Pro 13‚Äù 256GB SSD 8 GB Ram Retina - Late 2013,481,https://www.ebay.com/itm/Apple-MacBook-Pro-13-256GB-SSD-8-GB-Ram-Retina-Late-2013/333773707066?hash=item4db676973a:g:YewAAOSwkydfZhiV,True
Macbook Pro ‚Äò13 2012 ,569,https://www.ebay.com/itm/Macbook-Pro-13-2012/233762669444?hash=item366d574384:g:hgoAAOSwIlhfm9NL,True
APPLE MACBOOK PRO 13 INCH 2.4 GHz INTEL CORE i5 8GB SPACE GRAY,1175,https://www.ebay.com/itm/APPLE-MACBOOK-PRO-13-INCH-2-4-GHz-INTEL-CORE-i5-8GB-SPACE-GRAY/174498595789?hash=item28a0ed43cd:g:B7gAAOSwUAdflHvd,True
MACBOOK PRO 15 TOUCH RETINA ‚âõ RADEON ‚âõ CORE i7 ‚âõ 16GB ‚âõ 1TB SSD ‚âõ OSX-2018,494,https://www.ebay.com/itm/MACBOOK-PRO-15-TOUCH-RETINA-RADEON-CORE-i7-16GB-1TB-SSD-OSX-2018/264915623289?hash=item3dae339d79:g:yaYAAOSwRXFfiz80,True
apple macbook pro 15 2012 2.3GHz i7 8GB 128ssd,465,https://www.ebay.com/itm/apple-macbook-pro-15-2012-2-3GHz-i7-8GB-128ssd/254762418033?hash=item3b5105ff71:g:PY4AAOSwcbhfmjw0,True
Apple MacBook Pro 15 RETINA ~ CORE i7 ~ 1TB SSD ~ 16GB ~ 3 YR WARRANTY ~ OS-2015,523,https://www.ebay.com/itm/Apple-MacBook-Pro-15-RETINA-CORE-i7-1TB-SSD-16GB-3-YR-WARRANTY-OS-2015/164403040574?hash=item26472f513e:g:3gsAAOSw31Jfb0FU,True
"Apple MacBook Pro 13.3"" üçé Touch Bar i5 128GB SSD Space Gray 2019 MUHN2LL/A",905,https://www.ebay.com/itm/Apple-MacBook-Pro-13-3-Touch-Bar-i5-128GB-SSD-Space-Gray-2019-MUHN2LL-A/233679626355?epid=14032813598&hash=item3668642073:g:0aAAAOSwaFlflwtT,True
Macbook Pro 2015 15 inch i7,881,https://www.ebay.com/itm/Macbook-Pro-2015-15-inch-i7/313271938471?hash=item48f0766da7:g:6esAAOSwtvxflGqf,True
MacBook Pro 15 Touch Bar Space Gray 2018 2.6GHz i7 16GB 512GB Very Good Cond.,1528,https://www.ebay.com/itm/MacBook-Pro-15-Touch-Bar-Space-Gray-2018-2-6GHz-i7-16GB-512GB-Very-Good-Cond/283652467295?epid=13021490718&hash=item420b012a5f:g:4kIAAOSwOeBdsM3m,True
New ListingApple MacBook Pro 13 inch Mid 2012 A1278 16GB Memory 500GB Hard Drive,74,https://www.ebay.com/itm/Apple-MacBook-Pro-13-inch-Mid-2012-A1278-16GB-Memory-500GB-Hard-Drive/293810520347?hash=item446878c11b:g:02kAAOSwBh9dJS-z,True
2015 MACBOOK PRO RETINA 15 | QUAD 2.2GHz i7 | 16GB | 500GB SSD |1-3 Day Shipping,822,https://www.ebay.com/itm/2015-MACBOOK-PRO-RETINA-15-QUAD-2-2GHz-i7-16GB-500GB-SSD-1-3-Day-Shipping/114425250390?epid=217009412&hash=item1aa446c256:g:SVUAAOSwEkxfa8ch,True
"Apple MacBook Pro A1708 13"" Laptop, 128GB - MPXQ2LL/A - (June, 2017, Silver)",660,https://www.ebay.com/itm/Apple-MacBook-Pro-A1708-13-Laptop-128GB-MPXQ2LL-A-June-2017-Silver/353242703443?hash=item523ee7e653:g:CeoAAOSw3nJfjMuB,True
"New ListingApple MacBook Pro 16"" 2019 2.6 GHz 6-Core i7 512GB 32GB 2667MHz RAM ",2349,https://www.ebay.com/itm/Apple-MacBook-Pro-16-2019-2-6-GHz-6-Core-i7-512GB-32GB-2667MHz-RAM/133563354837?hash=item1f18ff0ed5:g:kzIAAOSwlAdfnxT4,False
MacBook Pro 13 Touch Bar Space Gray 2017 3.1GHz i5 16GB 1TB - Fair Condition,930,https://www.ebay.com/itm/MacBook-Pro-13-Touch-Bar-Space-Gray-2017-3-1GHz-i5-16GB-1TB-Fair-Condition/293763386667?epid=238216775&hash=item4465a98d2b:g:jYUAAOSwAmtfdkir,True
MacBook Pro RETINA 13 i7 3.1GHz TOUCH ‚ú∫ 16GB RAM 500GB SSD ‚ú∫ WARRANTY ‚ú∫ OSX-2020,1068,https://www.ebay.com/itm/MacBook-Pro-RETINA-13-i7-3-1GHz-TOUCH-16GB-RAM-500GB-SSD-WARRANTY-OSX-2020/264914982851?hash=item3dae29d7c3:g:2IMAAOSwSXdfmIkp,True
"APPLE MACBOOK PRO 15"" RETINA / RADEON R9 / CORE i7 / 16GB / 1TB SSD / OS-2017",552,https://www.ebay.com/itm/APPLE-MACBOOK-PRO-15-RETINA-RADEON-R9-CORE-i7-16GB-1TB-SSD-OS-2017/283946000439?hash=item421c802037:g:rrQAAOSwjAJfC4Xl,True
"Apple MacBook Pro 13"" Retina MPXT2LL/A i5-7360U 8GB RAM 256GB SSD MacOS 10.14",831,https://www.ebay.com/itm/Apple-MacBook-Pro-13-Retina-MPXT2LL-A-i5-7360U-8GB-RAM-256GB-SSD-MacOS-10-14/233706634336?epid=238296338&hash=item366a003c60:g:JuYAAOSw9fleg3Xz,True
"MacBook Pro 13"" with Touch Bar 8GB RAM 128GB MUHQ2LL/A",978,https://www.ebay.com/itm/MacBook-Pro-13-with-Touch-Bar-8GB-RAM-128GB-MUHQ2LL-A/284029892348?epid=3032824383&hash=item42218036fc:g:sXwAAOSwjJZfUAa0,True
"Apple Macbook  Pro 15""  Laptop i7 2.2 GHZ 8GB Mac OS High Sierra (D1)",391,https://www.ebay.com/itm/Apple-Macbook-Pro-15-Laptop-i7-2-2-GHZ-8GB-Mac-OS-High-Sierra-D1/383380673374?hash=item594344d35e:g:WpUAAOSw27dfnIWQ,True
MacBook Pro RETINA 13 i7 3.1GHz TOUCH ‚ú∫ 16GB RAM 500GB SSD ‚ú∫ WARRANTY ‚ú∫ OSX-2019,1066,https://www.ebay.com/itm/MacBook-Pro-RETINA-13-i7-3-1GHz-TOUCH-16GB-RAM-500GB-SSD-WARRANTY-OSX-2019/264914982223?hash=item3dae29d54f:g:CN8AAOSwD7NfmIjv,True
"MacBook Pro 15"" 2019 2.3 GHz 8-core i9, Vega 20, 32 GB RAM, 512GB SSD - Silver",1811,https://www.ebay.com/itm/MacBook-Pro-15-2019-2-3-GHz-8-core-i9-Vega-20-32-GB-RAM-512GB-SSD-Silver/133555780186?hash=item1f188b7a5a:g:9poAAOSwHflfk5FE,True
Apple MacBook Pro 13‚Äù 2012,474,https://www.ebay.com/itm/Apple-MacBook-Pro-13-2012/143795750076?hash=item217ae504bc:g:~RQAAOSwOqhfjdwj,True
"Apple MacBook Pro Touch Bar 2018 13"" Laptop 512GB 16GB RAM Space Gray",1188,https://www.ebay.com/itm/Apple-MacBook-Pro-Touch-Bar-2018-13-Laptop-512GB-16GB-RAM-Space-Gray/114480880960?hash=item1aa7979d40:g:7TEAAOSwIHhflHYx,True
"Apple 2016 MacBook Pro 15"" Touch Bar / 2.90Ghz Core i7 / 16GB / 512GB / AMD 4GB",1222,https://www.ebay.com/itm/Apple-2016-MacBook-Pro-15-Touch-Bar-2-90Ghz-Core-i7-16GB-512GB-AMD-4GB/333761950673?hash=item4db5c333d1:g:ywAAAOSwWFtfkLWe,True
"Apple MacBook Pro 15.4"" üçé Touch Bar i7 16GB RAM 256GB SSD Space Gray MR932LL/A",1449,https://www.ebay.com/itm/Apple-MacBook-Pro-15-4-Touch-Bar-i7-16GB-RAM-256GB-SSD-Space-Gray-MR932LL-A/233765070561?epid=3022303567&hash=item366d7be6e1:g:HWkAAOSw2vpfnsPG,True
Macbook Pro MUHN2LL/A 2019 Core i5 1.4GHz 1.4GHz 128GB SSD+WARRANTY!,861,https://www.ebay.com/itm/Macbook-Pro-MUHN2LL-A-2019-Core-i5-1-4GHz-1-4GHz-128GB-SSD-WARRANTY/254762262135?hash=item3b51039e77:g:CSwAAOSw7iNfANQS,True
"Apple MacBook Pro Core i7 Retina 2.9GHz 16GB RAM 512GB SSD Touch 15"" - MLH42LL/A",1214,https://www.ebay.com/itm/Apple-MacBook-Pro-Core-i7-Retina-2-9GHz-16GB-RAM-512GB-SSD-Touch-15-MLH42LL-A/124107756082?epid=231143432&hash=item1ce5661232:g:5ecAAOSwN8JeYSNO,True
